{"scalar": 0.10999999940395355, "clifford": 0.10999999940395355}