{"mse_0": 0.11661066487431526, "mse_30": 0.11649541929364204, "mse_90": 0.1164398118853569}