{"clifford_tp_mse": 19184.91015625, "scalar_tp_mse": 13.447527885437012}