{"test_mse": 9.500750541687012, "equiv_error": 0.16289786994457245}