{
  "baseline": {
    "final_test_accuracy": 0.7926,
    "train_accuracies": [
      0.38238,
      0.50694,
      0.57244,
      0.6233,
      0.65324,
      0.68046,
      0.6963,
      0.7162,
      0.72914,
      0.74002,
      0.75188,
      0.76096,
      0.76994,
      0.77678,
      0.78434,
      0.78858,
      0.79822,
      0.80452,
      0.80724,
      0.81342
    ],
    "test_accuracies": [
      0.4786,
      0.5347,
      0.6152,
      0.6368,
      0.6565,
      0.697,
      0.6786,
      0.7274,
      0.7265,
      0.7441,
      0.7463,
      0.748,
      0.7719,
      0.7635,
      0.7696,
      0.7764,
      0.7822,
      0.7818,
      0.7739,
      0.7926
    ],
    "train_losses": [
      1.7555912801361084,
      1.3613421450042724,
      1.1894392515182495,
      1.056744757270813,
      0.9772436961746216,
      0.9030625745391846,
      0.8535046841621399,
      0.8053337260818482,
      0.7705600023269653,
      0.729992675485611,
      0.7088167148590088,
      0.682275954990387,
      0.6505508939743042,
      0.6361097521972656,
      0.6128820565605163,
      0.5934305351829529,
      0.5752935732650757,
      0.5571590978622436,
      0.5434967053031922,
      0.528424436454773
    ]
  },
  "clifford": {
    "final_test_accuracy": 0.7776,
    "train_accuracies": [
      0.3829,
      0.49398,
      0.55356,
      0.59948,
      0.62454,
      0.6534,
      0.67878,
      0.69618,
      0.7091,
      0.72372,
      0.73852,
      0.74692,
      0.75628,
      0.763,
      0.77126,
      0.77806,
      0.78386,
      0.78888,
      0.7952,
      0.79996
    ],
    "test_accuracies": [
      0.4811,
      0.55,
      0.5742,
      0.6181,
      0.6372,
      0.6835,
      0.6924,
      0.7113,
      0.7217,
      0.7271,
      0.7373,
      0.7449,
      0.7453,
      0.748,
      0.7614,
      0.7416,
      0.7581,
      0.7702,
      0.7739,
      0.7776
    ],
    "train_losses": [
      1.713856718788147,
      1.407601111793518,
      1.250960626487732,
      1.134811251296997,
      1.0607183995819092,
      0.982301609172821,
      0.9136862197494506,
      0.8612152583312989,
      0.8223061604499817,
      0.786262835521698,
      0.747114464931488,
      0.722726872959137,
      0.6982276645851135,
      0.6756490464782715,
      0.6516063638687134,
      0.6310173885917664,
      0.6160259250831605,
      0.5982467743873596,
      0.5797686706542968,
      0.5623962795639038
    ]
  },
  "rotation_robustness": {
    "status": "deferred_to_extended_testing",
    "planned_angles": [
      0,
      90,
      180,
      270
    ]
  }
}