{
  "baseline": {
    "final_test_accuracy": 0.7803,
    "train_accuracies": [
      0.3914,
      0.51752,
      0.58528,
      0.62922,
      0.65714,
      0.67868,
      0.7008,
      0.7119,
      0.72942,
      0.73994,
      0.75332,
      0.75886,
      0.76804,
      0.77522,
      0.78292,
      0.79004,
      0.79276,
      0.80488,
      0.80588,
      0.81258
    ],
    "test_accuracies": [
      0.5048,
      0.5609,
      0.5977,
      0.6457,
      0.6807,
      0.689,
      0.7182,
      0.7329,
      0.7111,
      0.7448,
      0.7462,
      0.7545,
      0.7549,
      0.7716,
      0.7815,
      0.7707,
      0.7791,
      0.781,
      0.7834,
      0.7803
    ],
    "train_losses": [
      1.7305990738677979,
      1.3360780517578126,
      1.1605443540763856,
      1.0546315029907227,
      0.966017557220459,
      0.9080194375228882,
      0.8507234383773804,
      0.8127587793350219,
      0.7706338965034485,
      0.7367428548812867,
      0.7029240646362305,
      0.6859963012313843,
      0.6609356652641296,
      0.6376386675453186,
      0.6160515145301819,
      0.594708861656189,
      0.5845028973770141,
      0.5537823586273193,
      0.5517672690677643,
      0.5332244267082215
    ]
  },
  "clifford": {
    "final_test_accuracy": 0.1,
    "train_accuracies": [
      0.10006,
      0.1,
      0.1,
      0.1,
      0.1,
      0.1,
      0.1,
      0.1,
      0.1,
      0.1,
      0.1,
      0.1,
      0.1,
      0.1,
      0.1,
      0.1,
      0.1,
      0.1,
      0.1,
      0.1
    ],
    "test_accuracies": [
      0.1,
      0.1,
      0.1,
      0.1,
      0.1,
      0.1,
      0.1,
      0.1,
      0.1,
      0.1,
      0.1,
      0.1,
      0.1,
      0.1,
      0.1,
      0.1,
      0.1,
      0.1,
      0.1,
      0.1
    ],
    "train_losses": [
      NaN,
      NaN,
      NaN,
      NaN,
      NaN,
      NaN,
      NaN,
      NaN,
      NaN,
      NaN,
      NaN,
      NaN,
      NaN,
      NaN,
      NaN,
      NaN,
      NaN,
      NaN,
      NaN,
      NaN
    ]
  },
  "rotation_robustness": {
    "status": "deferred_to_extended_testing",
    "planned_angles": [
      0,
      90,
      180,
      270
    ]
  }
}