{
  "baseline": {
    "final_val_accuracy": 1.0,
    "train_accuracies": [
      0.996875,
      1.0,
      1.0,
      1.0,
      1.0,
      1.0,
      1.0,
      1.0,
      1.0,
      1.0,
      1.0,
      1.0,
      1.0,
      1.0,
      1.0
    ],
    "val_accuracies": [
      1.0,
      1.0,
      1.0,
      1.0,
      1.0,
      1.0,
      1.0,
      1.0,
      1.0,
      1.0,
      1.0,
      1.0,
      1.0,
      1.0,
      1.0
    ],
    "train_losses": [
      0.013857726121887026,
      5.752502092946088e-06,
      5.355015891836956e-06,
      4.950674983774661e-06,
      4.556690246317885e-06,
      4.187739150438574e-06,
      3.854699480143609e-06,
      3.550046353666403e-06,
      3.2797402127471287e-06,
      3.0348403606694775e-06,
      2.8183270660520065e-06,
      2.6211108388451978e-06,
      2.44334045873984e-06,
      2.2865806249683372e-06,
      2.139878979505738e-06
    ]
  },
  "clifford": {
    "final_val_accuracy": 1.0,
    "train_accuracies": [
      0.98,
      1.0,
      1.0,
      1.0,
      1.0,
      1.0,
      1.0,
      1.0,
      1.0,
      1.0,
      1.0,
      1.0,
      1.0,
      1.0,
      1.0
    ],
    "val_accuracies": [
      1.0,
      1.0,
      1.0,
      1.0,
      1.0,
      1.0,
      1.0,
      1.0,
      1.0,
      1.0,
      1.0,
      1.0,
      1.0,
      1.0,
      1.0
    ],
    "train_losses": [
      0.01715083668378611,
      5.859938864887226e-06,
      5.3377306721813515e-06,
      4.836979705942212e-06,
      4.381155331429909e-06,
      3.9727907824271826e-06,
      3.6174738852423617e-06,
      3.2963549620035336e-06,
      3.013904297404224e-06,
      2.759840181170148e-06,
      2.530586525608669e-06,
      2.3239824577103717e-06,
      2.134216538252076e-06,
      1.9653867775559777e-06,
      1.8097443762599142e-06
    ]
  }
}