{
  "baseline": {
    "final_test_accuracy": 0.56,
    "final_test_auc": 0.5681089743589745,
    "train_accuracies": [
      0.5475,
      0.5775,
      0.555,
      0.63,
      0.68,
      0.6975,
      0.675,
      0.7225,
      0.675,
      0.7025,
      0.73,
      0.7825,
      0.785,
      0.79,
      0.79,
      0.8025,
      0.805,
      0.8,
      0.82,
      0.8175
    ],
    "test_accuracies": [
      0.52,
      0.48,
      0.47,
      0.44,
      0.47,
      0.44,
      0.49,
      0.53,
      0.47,
      0.49,
      0.52,
      0.53,
      0.59,
      0.54,
      0.57,
      0.56,
      0.59,
      0.6,
      0.53,
      0.56
    ],
    "test_aucs": [
      0.5088141025641025,
      0.5,
      0.4783653846153846,
      0.4455128205128205,
      0.4799679487179488,
      0.45112179487179493,
      0.49759615384615385,
      0.5408653846153846,
      0.4791666666666666,
      0.5024038461538461,
      0.5232371794871795,
      0.5344551282051282,
      0.5905448717948718,
      0.5472756410256411,
      0.5705128205128205,
      0.5616987179487181,
      0.5969551282051282,
      0.5985576923076923,
      0.5368589743589743,
      0.5681089743589745
    ],
    "train_losses": [
      0.6969370889663696,
      0.683683762550354,
      0.6718386888504029,
      0.6572864866256714,
      0.6360638165473937,
      0.6123082518577576,
      0.5950587582588196,
      0.5639099884033203,
      0.5821606016159058,
      0.5708623743057251,
      0.5446221137046814,
      0.5129795122146606,
      0.49786564469337463,
      0.4869659471511841,
      0.4821984624862671,
      0.466129264831543,
      0.4512447488307953,
      0.44863043069839476,
      0.42911092877388,
      0.4190128290653229
    ]
  },
  "clifford": {
    "final_test_accuracy": 0.6,
    "final_test_auc": 0.6041666666666666,
    "train_accuracies": [
      0.55,
      0.5375,
      0.5075,
      0.5375,
      0.53,
      0.53,
      0.59,
      0.57,
      0.6225,
      0.645,
      0.67,
      0.6275,
      0.6425,
      0.7025,
      0.7075,
      0.725,
      0.7325,
      0.7,
      0.745,
      0.765
    ],
    "test_accuracies": [
      0.48,
      0.52,
      0.48,
      0.48,
      0.53,
      0.48,
      0.54,
      0.54,
      0.51,
      0.57,
      0.6,
      0.54,
      0.58,
      0.6,
      0.58,
      0.55,
      0.55,
      0.58,
      0.57,
      0.6
    ],
    "test_aucs": [
      0.5,
      0.500801282051282,
      0.5,
      0.5,
      0.5104166666666667,
      0.5,
      0.5264423076923077,
      0.5384615384615384,
      0.5256410256410255,
      0.5809294871794872,
      0.6009615384615384,
      0.5528846153846154,
      0.5881410256410255,
      0.6001602564102565,
      0.5857371794871796,
      0.5464743589743589,
      0.5552884615384616,
      0.5889423076923077,
      0.5729166666666666,
      0.6041666666666666
    ],
    "train_losses": [
      0.6933476710319519,
      0.6905508780479431,
      0.692381718158722,
      0.6911165809631348,
      0.6872922873497009,
      0.6925857949256897,
      0.6800469160079956,
      0.6776390981674194,
      0.6561492443084717,
      0.6301658391952515,
      0.6118700432777405,
      0.641407310962677,
      0.6277818799018859,
      0.5615649223327637,
      0.5384723997116089,
      0.527899534702301,
      0.5084437894821167,
      0.5237362170219422,
      0.47252544403076174,
      0.4594132089614868
    ]
  }
}