{"volume": {"Cl(3,0)": {"loss": 242.54611206054688, "equiv": 0.9241914749145508}, "CGA Cl(4,1)": {"loss": 263.2481384277344, "equiv": 1.088139295578003}}, "force": {"Cl(3,0)": {"loss": 18.096057891845703, "equiv": 1.3599196672439575}, "CGA Cl(4,1)": {"loss": 18.199378967285156, "equiv": 1.1052439212799072}}}