{"volume": {"Cl(3,0)": {"loss": 221.00315856933594, "equiv": 1.2635003328323364}, "CGA Cl(4,1)": {"loss": 236.3007049560547, "equiv": 1.204288363456726}, "Cl(1,3)": {"loss": 230.3821258544922, "equiv": 1.1829253435134888}}, "force": {"Cl(3,0)": {"loss": 31.970462799072266, "equiv": 1.2660390138626099}, "CGA Cl(4,1)": {"loss": 32.4005126953125, "equiv": 1.1266013383865356}, "Cl(1,3)": {"loss": 32.39753723144531, "equiv": 1.3557265996932983}}, "zn": {"Cl(3,0)": {"loss": 0.5077788829803467, "equiv": 1.4612703323364258}, "CGA Cl(4,1)": {"loss": 0.6084195971488953, "equiv": 1.4461432695388794}, "Cl(1,3)": {"loss": 0.5555272102355957, "equiv": 1.414720058441162}}, "reversal": {"Cl(3,0)": {"loss": 0.5095930695533752, "equiv": 0.770473301410675}, "CGA Cl(4,1)": {"loss": 0.6989896893501282, "equiv": 1.0177531242370605}, "Cl(1,3)": {"loss": 0.4785696864128113, "equiv": 1.3838298320770264}}}