{"volume": {"Scalar Baseline": {"loss": 205.4429473876953, "equiv": 0.9921246767044067}, "Cl(3,0)": {"loss": 220.57290649414062, "equiv": 0.9859092831611633}, "CGA Cl(4,1)": {"loss": 249.3197479248047, "equiv": 1.0345683097839355}, "Cl(1,3)": {"loss": 233.20668029785156, "equiv": 1.0018199682235718}}, "force": {"Scalar Baseline": {"loss": 571.7509155273438, "equiv": 1.4031671285629272}, "Cl(3,0)": {"loss": 574.5352783203125, "equiv": 1.3828240633010864}, "CGA Cl(4,1)": {"loss": 569.7933349609375, "equiv": 1.1837272644042969}, "Cl(1,3)": {"loss": 573.2594604492188, "equiv": 1.3812886476516724}}, "zn": {"Scalar Baseline": {"loss": 0.2538948357105255, "equiv": 0.27270543575286865}, "Cl(3,0)": {"loss": 0.5399331450462341, "equiv": 1.6831241846084595}, "CGA Cl(4,1)": {"loss": 0.6064819693565369, "equiv": 1.3387575149536133}, "Cl(1,3)": {"loss": 0.5630133152008057, "equiv": 1.2568023204803467}}, "reversal": {"Scalar Baseline": {"loss": 0.3186521530151367, "equiv": 0.1967782825231552}, "Cl(3,0)": {"loss": 0.5412148237228394, "equiv": 0.5586607456207275}, "CGA Cl(4,1)": {"loss": 0.6239052414894104, "equiv": 0.9429529905319214}, "Cl(1,3)": {"loss": 0.5355039238929749, "equiv": 1.4402503967285156}}}