{"volume": {"Scalar Baseline": {"loss": 189.4988250732422, "equiv": 1.0779489278793335}, "Cl(3,0)": {"loss": 210.59767150878906, "equiv": 1.1474369764328003}, "CGA Cl(4,1)": {"loss": 243.82089233398438, "equiv": 1.1484431028366089}, "Cl(1,3)": {"loss": 218.2841033935547, "equiv": 1.1633992195129395}}, "force": {"Scalar Baseline": {"loss": 651.3909301757812, "equiv": 1.302863359451294}, "Cl(3,0)": {"loss": 649.1207885742188, "equiv": 1.2933224439620972}, "CGA Cl(4,1)": {"loss": 651.7952270507812, "equiv": 1.0389652252197266}, "Cl(1,3)": {"loss": 651.4889526367188, "equiv": 1.3482942581176758}}, "zn": {"Scalar Baseline": {"loss": 0.24163423478603363, "equiv": 0.2523966133594513}, "Cl(3,0)": {"loss": 0.5331709384918213, "equiv": 1.4727261066436768}, "CGA Cl(4,1)": {"loss": 0.6077744960784912, "equiv": 1.5274851322174072}, "Cl(1,3)": {"loss": 0.6556946039199829, "equiv": 1.3297654390335083}}, "reversal": {"Scalar Baseline": {"loss": 0.2919360101222992, "equiv": 0.13930070400238037}, "Cl(3,0)": {"loss": 0.6323995590209961, "equiv": 0.6923689842224121}, "CGA Cl(4,1)": {"loss": 0.7201898097991943, "equiv": 0.8466458916664124}, "Cl(1,3)": {"loss": 0.762498676776886, "equiv": 1.1433097124099731}}}