{
  "timestamp": "20260320_202926",
  "experiments": {
    "vision": {
      "status": "failed"
    },
    "language": {
      "status": "completed",
      "results": {
        "baseline": {
          "final_val_accuracy": 1.0,
          "train_accuracies": [
            0.996875,
            1.0,
            1.0,
            1.0,
            1.0,
            1.0,
            1.0,
            1.0,
            1.0,
            1.0,
            1.0,
            1.0,
            1.0,
            1.0,
            1.0
          ],
          "val_accuracies": [
            1.0,
            1.0,
            1.0,
            1.0,
            1.0,
            1.0,
            1.0,
            1.0,
            1.0,
            1.0,
            1.0,
            1.0,
            1.0,
            1.0,
            1.0
          ],
          "train_losses": [
            0.013857726121887026,
            5.752502092946088e-06,
            5.355015891836956e-06,
            4.950674983774661e-06,
            4.556690246317885e-06,
            4.187739150438574e-06,
            3.854699480143609e-06,
            3.550046353666403e-06,
            3.2797402127471287e-06,
            3.0348403606694775e-06,
            2.8183270660520065e-06,
            2.6211108388451978e-06,
            2.44334045873984e-06,
            2.2865806249683372e-06,
            2.139878979505738e-06
          ]
        },
        "clifford": {
          "final_val_accuracy": 1.0,
          "train_accuracies": [
            0.98,
            1.0,
            1.0,
            1.0,
            1.0,
            1.0,
            1.0,
            1.0,
            1.0,
            1.0,
            1.0,
            1.0,
            1.0,
            1.0,
            1.0
          ],
          "val_accuracies": [
            1.0,
            1.0,
            1.0,
            1.0,
            1.0,
            1.0,
            1.0,
            1.0,
            1.0,
            1.0,
            1.0,
            1.0,
            1.0,
            1.0,
            1.0
          ],
          "train_losses": [
            0.01715083668378611,
            5.859938864887226e-06,
            5.3377306721813515e-06,
            4.836979705942212e-06,
            4.381155331429909e-06,
            3.9727907824271826e-06,
            3.6174738852423617e-06,
            3.2963549620035336e-06,
            3.013904297404224e-06,
            2.759840181170148e-06,
            2.530586525608669e-06,
            2.3239824577103717e-06,
            2.134216538252076e-06,
            1.9653867775559777e-06,
            1.8097443762599142e-06
          ]
        }
      }
    },
    "rl": {
      "status": "failed"
    },
    "graphs": {
      "status": "completed",
      "results": {
        "baseline": {
          "final_test_accuracy": 1.0,
          "final_test_auc": NaN,
          "train_accuracies": [
            1.0,
            1.0,
            1.0,
            1.0,
            1.0,
            1.0,
            1.0,
            1.0,
            1.0,
            1.0,
            1.0,
            1.0,
            1.0,
            1.0,
            1.0,
            1.0,
            1.0,
            1.0,
            1.0,
            1.0
          ],
          "test_accuracies": [
            1.0,
            1.0,
            1.0,
            1.0,
            1.0,
            1.0,
            1.0,
            1.0,
            1.0,
            1.0,
            1.0,
            1.0,
            1.0,
            1.0,
            1.0,
            1.0,
            1.0,
            1.0,
            1.0,
            1.0
          ],
          "test_aucs": [
            NaN,
            NaN,
            NaN,
            NaN,
            NaN,
            NaN,
            NaN,
            NaN,
            NaN,
            NaN,
            NaN,
            NaN,
            NaN,
            NaN,
            NaN,
            NaN,
            NaN,
            NaN,
            NaN,
            NaN
          ],
          "train_losses": [
            0.15086741926614194,
            3.9484542653553945e-05,
            2.786513297792226e-07,
            7.152548674227432e-08,
            4.470343325735371e-08,
            3.904100543294931e-08,
            3.7550889473436656e-08,
            3.635879821217714e-08,
            3.635879815888643e-08,
            3.635879840757639e-08,
            3.606077477513736e-08,
            3.6060775041590885e-08,
            3.6060774917245906e-08,
            3.6060774917245906e-08,
            3.60607748106645e-08,
            3.606077470408309e-08,
            3.606077468631952e-08,
            3.606077513040873e-08,
            3.606077482842807e-08,
            3.606077488171877e-08
          ]
        },
        "clifford": {
          "final_test_accuracy": 1.0,
          "final_test_auc": NaN,
          "train_accuracies": [
            1.0,
            1.0,
            1.0,
            1.0,
            1.0,
            1.0,
            1.0,
            1.0,
            1.0,
            1.0,
            1.0,
            1.0,
            1.0,
            1.0,
            1.0,
            1.0,
            1.0,
            1.0,
            1.0,
            1.0
          ],
          "test_accuracies": [
            1.0,
            1.0,
            1.0,
            1.0,
            1.0,
            1.0,
            1.0,
            1.0,
            1.0,
            1.0,
            1.0,
            1.0,
            1.0,
            1.0,
            1.0,
            1.0,
            1.0,
            1.0,
            1.0,
            1.0
          ],
          "test_aucs": [
            NaN,
            NaN,
            NaN,
            NaN,
            NaN,
            NaN,
            NaN,
            NaN,
            NaN,
            NaN,
            NaN,
            NaN,
            NaN,
            NaN,
            NaN,
            NaN,
            NaN,
            NaN,
            NaN,
            NaN
          ],
          "train_losses": [
            0.15439043408657654,
            0.0,
            0.0,
            0.0,
            0.0,
            0.0,
            0.0,
            0.0,
            0.0,
            0.0,
            0.0,
            0.0,
            0.0,
            0.0,
            0.0,
            0.0,
            0.0,
            0.0,
            0.0,
            0.0
          ]
        }
      }
    }
  },
  "summary": {
    "total_domains_tested": 2,
    "improvements_by_domain": [
      {
        "domain": "Language",
        "baseline": 1.0,
        "clifford": 1.0,
        "improvement": 0.0,
        "improvement_pct": 0.0
      },
      {
        "domain": "Graphs",
        "baseline": 1.0,
        "clifford": 1.0,
        "improvement": 0.0,
        "improvement_pct": 0.0
      }
    ],
    "avg_improvement": 0.0,
    "avg_improvement_pct": 0.0,
    "domains_with_improvement": 0
  }
}