{
  "timestamp": "20260320_211353",
  "experiments": {
    "vision": {
      "status": "completed",
      "results": {
        "baseline": {
          "final_test_accuracy": 0.7819,
          "train_accuracies": [
            0.37966,
            0.50314,
            0.57292,
            0.61576,
            0.649,
            0.6718,
            0.69208,
            0.71082,
            0.72516,
            0.7356,
            0.74566,
            0.75598,
            0.76414,
            0.77106,
            0.78056,
            0.78704,
            0.7919,
            0.79834,
            0.80374,
            0.81082
          ],
          "test_accuracies": [
            0.4637,
            0.5404,
            0.6146,
            0.6405,
            0.6596,
            0.7032,
            0.697,
            0.7256,
            0.7304,
            0.7422,
            0.7439,
            0.7502,
            0.7591,
            0.7631,
            0.7638,
            0.7606,
            0.7817,
            0.7704,
            0.7777,
            0.7819
          ],
          "train_losses": [
            1.7614655515289306,
            1.3794511453247071,
            1.1950993519592286,
            1.0805454480743408,
            0.9911871641349792,
            0.9260914268684387,
            0.872098276977539,
            0.8230263083839416,
            0.7815036701774597,
            0.7538578216362,
            0.7216625634765625,
            0.6905393696212768,
            0.6697672929573059,
            0.6504079181289673,
            0.6227930779266357,
            0.604715337152481,
            0.5918833600234985,
            0.5705205947494507,
            0.557350147857666,
            0.5399778951454163
          ]
        },
        "clifford": {
          "final_test_accuracy": 0.7711,
          "train_accuracies": [
            0.37358,
            0.48798,
            0.54476,
            0.58864,
            0.6211,
            0.64488,
            0.6668,
            0.68772,
            0.70578,
            0.71856,
            0.73104,
            0.74162,
            0.75082,
            0.75874,
            0.76606,
            0.7743,
            0.78028,
            0.78734,
            0.79502,
            0.79906
          ],
          "test_accuracies": [
            0.4878,
            0.5441,
            0.6027,
            0.6185,
            0.644,
            0.6506,
            0.6937,
            0.7091,
            0.716,
            0.7098,
            0.7342,
            0.7439,
            0.7463,
            0.7373,
            0.7535,
            0.7583,
            0.7804,
            0.756,
            0.7762,
            0.7711
          ],
          "train_losses": [
            1.735158713645935,
            1.4277161193847656,
            1.2856358507537842,
            1.1616715571594238,
            1.075189317741394,
            0.9979943101501465,
            0.9445870321846008,
            0.8822604122161866,
            0.8379694094657898,
            0.7977555867958069,
            0.7637866267204285,
            0.7326460554122924,
            0.709436131477356,
            0.6828958357238769,
            0.661643883972168,
            0.6438071236228943,
            0.6217520447158813,
            0.6014533001136779,
            0.5830113341712951,
            0.5719953200912475
          ]
        },
        "rotation_robustness": {
          "status": "deferred_to_extended_testing",
          "planned_angles": [
            0,
            90,
            180,
            270
          ]
        }
      }
    },
    "language": {
      "status": "completed",
      "results": {
        "baseline": {
          "final_val_accuracy": 0.8966666666666666,
          "train_accuracies": [
            0.5091666666666667,
            0.6133333333333333,
            0.815,
            0.97,
            0.9958333333333333,
            1.0,
            1.0,
            1.0,
            1.0,
            1.0,
            1.0,
            1.0,
            1.0,
            1.0,
            1.0,
            1.0,
            1.0,
            1.0,
            1.0,
            1.0
          ],
          "val_accuracies": [
            0.5233333333333333,
            0.7133333333333334,
            0.8666666666666667,
            0.8966666666666666,
            0.8933333333333333,
            0.8933333333333333,
            0.8966666666666666,
            0.9,
            0.9,
            0.9,
            0.8966666666666666,
            0.8966666666666666,
            0.8966666666666666,
            0.8966666666666666,
            0.8966666666666666,
            0.8966666666666666,
            0.8966666666666666,
            0.8966666666666666,
            0.8966666666666666,
            0.8966666666666666
          ],
          "train_losses": [
            0.7153438433011373,
            0.6404621863365173,
            0.4302117363611857,
            0.12005808144807815,
            0.025068305879831315,
            0.0022004270545827845,
            0.000656006303227817,
            0.00035472474584821614,
            0.00028230053760732214,
            0.0002298056334257126,
            0.0002234112052246928,
            0.00016716794363067796,
            0.0001521590930254509,
            0.0001247305381305826,
            0.00010467013421778878,
            9.356170494963104e-05,
            9.521273207307483e-05,
            7.188310332518692e-05,
            6.622979174911356e-05,
            5.885822155202428e-05
          ]
        },
        "clifford": {
          "final_val_accuracy": 0.89,
          "train_accuracies": [
            0.49333333333333335,
            0.5625,
            0.7091666666666666,
            0.8133333333333334,
            0.9225,
            0.9816666666666667,
            0.9916666666666667,
            0.995,
            0.9975,
            1.0,
            1.0,
            1.0,
            1.0,
            1.0,
            1.0,
            1.0,
            1.0,
            1.0,
            1.0,
            1.0
          ],
          "val_accuracies": [
            0.52,
            0.6466666666666666,
            0.73,
            0.8366666666666667,
            0.87,
            0.88,
            0.8833333333333333,
            0.8833333333333333,
            0.8933333333333333,
            0.8933333333333333,
            0.89,
            0.89,
            0.89,
            0.89,
            0.89,
            0.89,
            0.89,
            0.89,
            0.89,
            0.89
          ],
          "train_losses": [
            0.811357897122701,
            0.6764323623975118,
            0.5707774559656779,
            0.417151509920756,
            0.21339303116003672,
            0.06994201115022103,
            0.029675700389004002,
            0.011201481117459479,
            0.01190974495606497,
            0.00024459563434599355,
            2.6113885890784635e-05,
            8.320859187733731e-06,
            7.061621796916976e-06,
            5.4385318283796854e-06,
            4.478340982435232e-06,
            3.986175346047579e-06,
            4.197407861283864e-06,
            3.4171138395322486e-06,
            3.1067018881003606e-06,
            2.894826252486382e-06
          ]
        }
      }
    },
    "rl": {
      "status": "completed",
      "results": {
        "baseline": {
          "final_mean_return": 18.4,
          "returns": [
            22.8,
            20.0,
            14.4,
            19.4,
            10.2,
            11.2,
            11.0,
            28.2,
            23.6,
            18.4
          ],