{
  "timestamp": "20260322_140127",
  "experiments": {
    "vision": {
      "status": "failed"
    },
    "language": {
      "status": "failed"
    },
    "rl": {
      "status": "warning",
      "results": {
        "baseline": {
          "final_mean_return": 13.6,
          "returns": [
            24.0,
            23.0,
            29.4,
            19.4,
            10.4,
            10.6,
            23.0,
            32.2,
            14.0,
            13.6
          ],
          "stds": [
            16.816658407662327,
            13.813037319865606,
            13.33566646253572,
            5.607138307550474,
            1.3564659966250536,
            1.4966629547095764,
            7.042726744663604,
            28.484381685407882,
            4.147288270665544,
            3.2619012860600183
          ]
        },
        "clifford": {
          "final_mean_return": 20.4,
          "returns": [
            11.4,
            15.8,
            22.2,
            21.6,
            18.8,
            20.6,
            20.2,
            23.0,
            25.6,
            20.4
          ],
          "stds": [
            1.4966629547095764,
            4.214261501141096,
            13.105723940324701,
            4.079215610874227,
            5.1536394906900505,
            5.571355310873647,
            4.4,
            11.15347479487895,
            21.740285186721906,
            5.986651818838307
          ]
        }
      }
    },
    "graphs": {
      "status": "failed"
    }
  },
  "summary": {
    "total_domains_tested": 1,
    "improvements_by_domain": [
      {
        "domain": "RL",
        "baseline": 13.6,
        "clifford": 20.4,
        "improvement": 6.799999999999999,
        "improvement_pct": 49.99999999999999
      }
    ],
    "avg_improvement": 6.799999999999999,
    "avg_improvement_pct": 49.99999999999999,
    "domains_with_improvement": 1
  }
}