{"standard_reward": 130.60335786630486, "mirrored_reward": 47.08139872730012, "violation": 0.6395085077750865, "timesteps": 20000}