{"mean_angle_error": 61.580077171325684, "equiv_error_90": 147.16302490234375}